{"model_dt.h5": 0.8162490313626429, "model_gb.h5": 0.9059645241022305, "model_lgbm.h5": -2.974294978974612e-05, "model_rf.h5": 0.778364918106475, "model_sgd.h5": 0.17852243339830598, "model_xgb.h5": 0.8551652841402128}